Fund Name,P1,P2,P3,P4,P5,Topsis score,Rank
M1,0.7,0.49,5.1,53.4,14.92,0.49711261325154443,3
M2,0.68,0.46,6.5,62.5,17.54,0.6380586062839411,2
M3,0.87,0.76,3.8,64.7,17.53,0.6543365138475015,1
M4,0.7,0.49,4.5,32.3,9.5,0.16376165686058305,8
M5,0.66,0.44,5.0,56.3,15.6,0.49208515387525115,5
M6,0.72,0.52,4.9,46.3,13.11,0.39714571288348766,7
M7,0.84,0.71,5.2,36.0,10.69,0.44122186169334243,6
M8,0.85,0.72,3.6,49.5,13.67,0.49281768667907927,4
